K,T,rep,density,rho_true,rho_naive,rho_corrected,radius_error_naive,radius_error_corrected,rel_frob_naive,rel_frob_corrected,support_auc_naive,support_auc_corrected,support_ap_naive,support_ap_corrected,support_f1_oracle_naive,support_f1_oracle_corrected,perron_cos_naive,perron_cos_corrected,projection_error
10,1000,0,0.43,0.6500000000000002,0.9079936244017033,0.6786319073903393,0.25799362440170304,0.02863190739033905,0.18609552882521432,0.05006199088524563,0.9959200326397388,0.9649122807017544,0.9949062069524351,0.9734883720930235,0.9534883720930233,0.9534883720930233,0.993302666865405,0.9997122293384622,0.05346047630681106
10,1000,1,0.55,0.649999999999999,0.9153180916502008,0.6295125675008961,0.2653180916502018,0.020487432499102898,0.23939470963972975,0.08115730482316914,0.9814141414141414,0.9733333333333334,0.9880037049877578,0.982282503088678,0.9454545454545454,0.9636363636363636,0.9871460808365835,0.9995353173269601,0.057992677055253114
10,1000,2,0.46,0.6499999999999997,0.9078680626494201,0.6673606479126457,0.2578680626494204,0.01736064791264602,0.2451704090162029,0.05532965068697639,0.9758454106280193,0.9830917874396136,0.9825087456271864,0.9877882797731568,0.9347826086956522,0.9782608695652174,0.9955897557877769,0.9996783978940088,0.059692348129343334
10,1000,3,0.42,0.6499999999999994,0.9071592856537456,0.6685155376366487,0.25715928565374624,0.01851553763664937,0.19389991479002724,0.03925467248124111,0.9889162561576355,0.9971264367816092,0.9864665269718462,0.9963062300018821,0.9047619047619048,0.9523809523809523,0.9849247550942354,0.9995085661338999,0.046773980311564885
10,1000,4,0.42,0.6500000000000005,0.9040174572932648,0.6803279909301045,0.2540174572932643,0.030327990930104076,0.18570294297857143,0.04222787234120497,0.9848111658456487,0.9975369458128078,0.9850554132511978,0.996900178511121,0.9523809523809523,0.9761904761904762,0.9348254174239736,0.9947925249159432,0.048631533838920334
10,5000,0,0.39,0.6499999999999996,0.9061266609989675,0.6577491780157865,0.25612666099896797,0.007749178015786895,0.16830872370849137,0.01659719588856303,0.9995796553173603,1.0,0.9993589743589744,1.0,0.9743589743589743,1.0,0.9914521755301059,0.999937672358746,0.018287760936723706
10,5000,1,0.46,0.6500000000000006,0.9096415743457562,0.6591810052454677,0.25964157434575563,0.009181005245467166,0.20904079156125915,0.020247124121426537,0.9887278582930756,1.0,0.988686883405713,0.9999999999999999,0.9347826086956522,1.0,0.9944786330436943,0.9999553941083131,0.02344485681228826
10,5000,2,0.44,0.6500000000000008,0.912616090791279,0.6568767673526044,0.26261609079127823,0.006876767352603563,0.18582145248219464,0.018981273749888332,0.9898538961038961,0.9991883116883117,0.9880160215375087,0.9990118577075099,0.9090909090909091,0.9772727272727273,0.9887519152888596,0.9999486449427756,0.019646167923024368
10,5000,3,0.4,0.6499999999999981,0.9071520314828114,0.6529044479939021,0.2571520314828133,0.0029044479939039913,0.18474722333063065,0.017325280147939118,0.965,0.9991666666666666,0.9650928475270857,0.9988095238095239,0.875,0.975,0.9786569349683517,0.9999383194322385,0.02211648291723381
10,5000,4,0.4,0.6500000000000006,0.9060411086920258,0.6626506153547317,0.25604110869202523,0.01265061535473111,0.2098357862414617,0.018021388359535814,0.9991666666666666,1.0,0.998765243902439,1.0,0.975,1.0,0.9878808015199575,0.9999144615331522,0.02256250305032884
10,20000,0,0.44,0.6499999999999999,0.9106013828387425,0.6523561714277264,0.26060138283874257,0.0023561714277264834,0.16584102031453882,0.008518861686760654,0.9955357142857143,1.0,0.995130550790928,1.0,0.9545454545454546,1.0,0.9947919914992451,0.9999843480982514,0.009528549830990973
10,20000,1,0.42,0.6499999999999995,0.9093063732512576,0.6544135809437872,0.25930637325125816,0.004413580943787743,0.125559475223655,0.008605704096614859,1.0,1.0,1.0,1.0,1.0,1.0,0.9801570098020161,0.9999269530113262,0.009342082832353651
10,20000,2,0.39,0.6499999999999994,0.9076180594589918,0.6510206084183318,0.2576180594589924,0.0010206084183324027,0.2375254738471676,0.008850891561614777,0.9920134510298445,1.0,0.9884854005417041,1.0,0.9230769230769231,1.0,0.9497367065652363,0.9999796517955934,0.010644698974568385
10,20000,3,0.43,0.6499999999999986,0.912070549331078,0.6527517919097228,0.2620705493310794,0.0027517919097241883,0.20573084034367567,0.010029789350097792,0.9898000815993472,1.0,0.9889814917844295,1.0,0.9302325581395349,1.0,0.9898814127780764,0.9999818573079923,0.010619536912540554
10,20000,4,0.41,0.6500000000000017,0.9091306916853881,0.6537141363507631,0.2591306916853864,0.0037141363507614544,0.1901802325597353,0.0076430853831160805,0.9971062422488631,1.0,0.9962914678446215,1.0,0.975609756097561,1.0,0.99438526284557,0.9999932994283274,0.009574478366833913
25,1000,0,0.1808,0.649999999999999,0.9131229253014971,0.7227528323714585,0.26312292530149806,0.07275283237145946,0.11407012096308805,0.052180659096405034,0.998219717920354,0.9975456305309734,0.9928484618728909,0.9916970834909116,0.9380530973451328,0.9557522123893806,0.9780813220599464,0.9960285407620635,0.06171385548740598
25,1000,1,0.1936,0.6499999999999996,0.916631994904215,0.6965481618457017,0.2666319949042154,0.046548161845702096,0.17351171207891203,0.0635757594978042,0.9976387249114522,0.9959497573133936,0.9909306368530725,0.9891973996692911,0.9338842975206612,0.9504132231404959,0.9855066601108261,0.9983192913681049,0.08029641412051294
25,1000,2,0.1488,0.6500000000000006,0.9077584595709484,0.696098204558827,0.2577584595709478,0.046098204558826406,0.17816400788778936,0.06041242414649018,0.9939364540383216,0.9971703452178834,0.9779103348100253,0.988364224793649,0.9247311827956989,0.956989247311828,0.9711795773845795,0.9971773818661519,0.07500869499546862
25,1000,3,0.1776,0.6499999999999992,0.9088400928308282,0.7211776247263326,0.258840092830829,0.07117762472633338,0.09441252289940523,0.04447825851726009,0.9919024082448207,0.992559680302871,0.9885802376056546,0.9900271105154737,0.954954954954955,0.972972972972973,0.9874529541177877,0.9982981122467106,0.053363536815481546
25,1000,4,0.1824,0.6500000000000017,0.9144715375100532,0.7148735740315448,0.2644715375100515,0.06487357403154315,0.12539883280708464,0.053653683467812505,0.9945583135921997,0.9942493219349744,0.9861736570792555,0.989745657598304,0.956140350877193,0.9736842105263158,0.9753388129816365,0.997190246179074,0.06488238587036814
25,5000,0,0.1856,0.6500000000000005,0.9066099795785442,0.6635663101727267,0.2566099795785437,0.013566310172726248,0.14530536503080949,0.026294353920781995,0.9935641216719734,0.9999491904342525,0.9828625923607458,0.9997826716893655,0.9396551724137931,0.9913793103448276,0.98511878073078,0.9996513428107248,0.03413369288555207
25,5000,1,0.1664,0.6500000000000009,0.9109626459493212,0.6634713700576902,0.2609626459493203,0.01347137005768928,0.1501371674790907,0.023612582873312023,0.9990033958364093,1.0,0.9956813367090491,1.0,0.9711538461538461,1.0,0.9707765875116541,0.9997555433500217,0.030158264654670336
25,5000,2,0.184,0.6499999999999985,0.9116700265607369,0.6928657631498512,0.26167002656073846,0.04286576314985269,0.08119690382763368,0.019656362979168108,0.9990963341858482,0.9999829497016198,0.9967852437417654,0.9999250374812594,0.9826086956521739,0.991304347826087,0.9398329227244718,0.9950943425117572,0.025312082378940035
25,5000,3,0.2016,0.6499999999999988,0.9099530112180476,0.6785473149352844,0.2599530112180488,0.028547314935285617,0.12582526444358666,0.023666378999571185,0.999984095174476,1.0,0.9999375078115236,1.0,0.9920634920634921,1.0,0.9867248897770085,0.9996694122178649,0.03161994888553091
25,5000,4,0.1808,0.6500000000000011,0.9129650485002053,0.6772561978406971,0.2629650485002042,0.027256197840695995,0.15526057540903554,0.030289462792215175,0.9981505807522124,0.9995333241150443,0.9928025905636045,0.9982932996207332,0.9469026548672567,0.9911504424778761,0.9882858815530645,0.9997333656863682,0.03753744032172622
25,20000,0,0.1904,0.649999999999998,0.9099274312531069,0.6603998903015389,0.2599274312531089,0.01039989030154087,0.14081513919975136,0.013104576058917423,0.9998339256651277,1.0,0.9993385221735752,1.0,0.9915966386554622,1.0,0.981404953636735,0.9998719933056704,0.01713346385786749
25,20000,1,0.192,0.650000000000001,0.911306478312526,0.6643876227600117,0.26130647831252496,0.01438762276001071,0.10003208404597287,0.010640601682003595,1.0,1.0,1.0,0.9999999999999999,1.0,1.0,0.9770135935723104,0.9997815266433332,0.013710981142074197
25,20000,2,0.1984,0.650000000000001,0.9096034437709548,0.6599062932170479,0.2596034437709538,0.009906293217046835,0.15280972640387255,0.0140334128192611,0.9964265018350396,1.0,0.9939957348759682,1.0,0.9838709677419355,1.0,0.9833749485228256,0.9999308710980301,0.018036144682452834
25,20000,3,0.2,0.6499999999999994,0.910166986448905,0.6614931088068958,0.2601669864489057,0.011493108806896468,0.12680540832410114,0.013260937995805775,1.0,1.0,1.0,1.0,1.0,1.0,0.9715854839297302,0.9998604629761075,0.016854037268118266
25,20000,4,0.1904,0.6499999999999997,0.9084132533927389,0.6593687745093867,0.25841325339273924,0.009368774509387001,0.14572058951424438,0.01244942544524582,0.9965788687016308,1.0,0.9946735617323852,1.0,0.9915966386554622,1.0,0.9843374929495352,0.9999014348265811,0.016558387993291502
50,1000,0,0.088,0.6500000000000016,0.939397090181333,0.7721274104859521,0.2893970901813314,0.12212741048595055,0.10727914697443638,0.06380477272699211,0.9971152312599681,0.9974760765550239,0.983267294983447,0.9838510863361136,0.9409090909090909,0.9454545454545454,0.9803823449591773,0.9947938291855343,0.07231834990780278
50,1000,1,0.0988,0.6500000000000001,0.930691087502578,0.745248648117055,0.2806910875025779,0.09524864811705491,0.14477010547635855,0.07558938619798247,0.9939549786070215,0.994195773157158,0.9698278078790307,0.9711558307912062,0.9109311740890689,0.9190283400809717,0.9819736155663575,0.9963882059147511,0.09097646012807495
50,1000,2,0.1076,0.650000000000001,0.9311684645693318,0.7469454548201746,0.28116846456933076,0.09694545482017358,0.14941643022534906,0.08215403435512329,0.9825040532276689,0.9837929213065639,0.9416766509599123,0.9447336748509825,0.8810408921933085,0.8847583643122676,0.9804652280276921,0.9956067750888705,0.09708594539302176
50,1000,3,0.098,0.6499999999999987,0.9353332865374941,0.7476290930525061,0.28533328653749546,0.09762909305250744,0.13783501974243512,0.07470274890761948,0.9838418027965067,0.9858817141047106,0.9472718922598329,0.9502708730331512,0.889795918367347,0.889795918367347,0.9768384138626266,0.9948918461750877,0.08913923243555143
50,1000,4,0.0976,0.6499999999999988,0.9353515214272429,0.7537552061005097,0.28535152142724407,0.10375520610051092,0.13758331199417573,0.07531452480552826,0.9974603243808859,0.9978636205092432,0.9849058816755398,0.9859675876204697,0.9385245901639344,0.9385245901639344,0.9720301348774014,0.9929654441918991,0.08751199354954364
50,5000,0,0.0896,0.6499999999999991,0.9130525781905763,0.7029114255666785,0.26305257819057715,0.05291142556667938,0.09115410092693432,0.030515789296028065,0.9998921196334422,0.9999921541551594,0.9991129067409338,0.999921679197995,0.9955357142857143,0.9955357142857143,0.9768468840613278,0.9977685872328893,0.03961751513901829
50,5000,1,0.0992,0.6500000000000019,0.9094241111236256,0.7019241220146357,0.25942411112362374,0.05192412201463381,0.0954216030677887,0.03256262005714427,0.9968737466338166,0.9969516343895032,0.9963751333706689,0.9963677419354838,0.9919354838709677,0.9959677419354839,0.9619648306788919,0.9967379381568342,0.04232407350775655
50,5000,2,0.092,0.6499999999999996,0.9114121405581002,0.7133025293231454,0.2614121405581006,0.06330252932314584,0.0828913685972271,0.030737923617580157,0.9997471748707144,0.9996916299559472,0.998284741209583,0.9981973728854636,0.9869565217391304,0.9956521739130435,0.9793479951664825,0.9974787442346502,0.03906125201887047
50,5000,3,0.1032,0.6500000000000005,0.9141999998959296,0.6953487538824803,0.2641999998959291,0.04534875388247983,0.11504233871073026,0.03649274610424277,0.9990699057458388,0.9996749856509622,0.9959234854257119,0.997787737301612,0.9844961240310077,0.9883720930232558,0.9722146748550344,0.9979671592388409,0.0489204638571714
50,5000,4,0.1008,0.6500000000000001,0.9127181505902151,0.7004423209274797,0.26271815059021497,0.05044232092747958,0.1024140073793944,0.03362116176477667,0.9999982347624696,1.0,0.9999843152017065,1.0,0.996031746031746,1.0,0.9854546766375847,0.9981254925604164,0.04429293341673156
50,20000,0,0.1012,0.6500000000000004,0.908463890180157,0.6646564209033713,0.2584638901801567,0.014656420903370937,0.13152648222724236,0.01915961594496825,0.9998979755176424,0.9999243611596313,0.9991911969135496,0.9994258092084178,0.9881422924901185,0.9960474308300395,0.9329040764727872,0.9988080530316176,0.025846815342170947
50,20000,1,0.0968,0.6499999999999994,0.9105029827424118,0.671967693047727,0.26050298274241246,0.02196769304772761,0.10811790481377861,0.01809436069776368,1.0,1.0,0.9999999999999999,1.0,1.0,1.0,0.9780291586161514,0.999483610121863,0.02410131693151432
50,20000,2,0.0892,0.6499999999999982,0.9105169748336597,0.6710883764452001,0.26051697483366143,0.021088376445201895,0.10856886703966394,0.01797152728260843,1.0,1.0,1.0,1.0,1.0,1.0,0.96458579065825,0.9991650479427205,0.023911538394787248
50,20000,3,0.0908,0.6499999999999989,0.9102985876378554,0.6796114258804091,0.2602985876378565,0.029611425880410214,0.08326268484471283,0.015838152022032162,1.0,1.0,0.9999999999999999,1.0,1.0,1.0,0.9776870757495585,0.9995468902945172,0.02123571917539598
50,20000,4,0.1008,0.6500000000000006,0.9107176953656033,0.6726093828827436,0.26071769536560274,0.022609382882743057,0.09816874192727458,0.017175214742512906,0.999917033836073,1.0,0.9993762276370972,1.0,0.996031746031746,1.0,0.9844485344274726,0.9996246298574442,0.023316109693863978
100,1000,0,0.0512,0.6499999999999992,1.026624466121481,0.8691874802115326,0.3766244661214817,0.21918748021153334,0.14638550241555937,0.10683698039013886,0.9888227440253478,0.988666090555175,0.9520338834773607,0.9506528995924267,0.904296875,0.904296875,0.9603136359936854,0.9785313395987927,0.1112298243219469
100,1000,1,0.0493,0.6500000000000005,1.0316049724082708,0.8663336419720595,0.3816049724082703,0.21633364197205907,0.14661067032604028,0.10550935465534891,0.9901183093230546,0.9910515386228702,0.9535416927636063,0.955007646748354,0.9006085192697769,0.9006085192697769,0.9638141091113607,0.9816209110614483,0.1111778775469599
100,1000,2,0.0511,0.6500000000000008,1.0249340263168367,0.8641829160594895,0.3749340263168359,0.2141829160594887,0.15988139735684748,0.11608490956125211,0.9909364618090079,0.9903676705481824,0.9479688202809504,0.9480940462008861,0.8825831702544031,0.8864970645792564,0.9660631861020665,0.9839401825880059,0.12069419938820501
100,1000,3,0.048,0.6499999999999999,1.0304862685489882,0.8623440439041103,0.38048626854898826,0.21234404390411044,0.1453392112185678,0.10468228733612153,0.990140056022409,0.990178680847339,0.9536528235461638,0.9535349024479954,0.90625,0.9083333333333333,0.9534076142881633,0.9747099094810163,0.10930195329600925
100,1000,4,0.0491,0.6500000000000002,1.0259693341482112,0.8686411632419951,0.375969334148211,0.2186411632419949,0.14411240614003357,0.10470080648317882,0.9928306745094528,0.9932184516373062,0.9598207813705201,0.959962929737707,0.9124236252545825,0.9063136456211812,0.9676966331303887,0.9825161625629693,0.10884995446342625
100,5000,0,0.052,0.6500000000000022,0.9274977886209645,0.7402533786173827,0.2774977886209623,0.09025337861738048,0.10329027810521099,0.05147242944946236,0.999494482310938,0.9995200421940929,0.9963876607679426,0.9965491077969549,0.9903846153846154,0.9903846153846154,0.9676621347875298,0.9926306887623039,0.06272432932263311
100,5000,1,0.0486,0.6500000000000004,0.9325230594589421,0.7406912204397602,0.28252305945894174,0.09069122043975986,0.09447181889585739,0.04638726838432968,0.9984456521080911,0.9983981803726975,0.9970209321549558,0.9972171992052027,0.9917695473251029,0.9938271604938271,0.9605627034651234,0.9911985742382021,0.05694521535266666
100,5000,2,0.0514,0.6500000000000017,0.9289568125256664,0.7474857857998134,0.27895681252566473,0.09748578579981171,0.09176079230549145,0.047089187872288746,0.9994478859281464,0.9993797945938762,0.9973206157062239,0.9977754432952511,0.9922178988326849,0.9922178988326849,0.970656819250246,0.9937342379350828,0.05664400513248912
100,5000,3,0.0519,0.6499999999999995,0.9361645798125144,0.7469749271459827,0.286164579812515,0.09697492714598321,0.09222168636893457,0.04699178075161066,0.996523723849687,0.9970976330513172,0.9908443592686969,0.9912285431113405,0.9845857418111753,0.9865125240847784,0.9645899517574723,0.9922934970354348,0.05666713274850836
100,5000,4,0.0461,0.6500000000000017,0.9351751277039968,0.7566400454983331,0.2851751277039951,0.10664004549833139,0.08301608254162098,0.04432994181752027,0.9999515631569815,0.9999599770686796,0.9991795548565666,0.9993112856199764,0.9934924078091106,0.9934924078091106,0.9609224407373439,0.9894556689474574,0.052124323076347116
100,20000,0,0.0491,0.6500000000000008,0.9105473480029261,0.7023122931703543,0.26054734800292534,0.05231229317035346,0.07328063498653876,0.023331961721764452,0.99982779739807,0.9998847699006986,0.9984443971501418,0.998563270558934,0.9938900203665988,0.9959266802443992,0.9822174577246525,0.9980268781628151,0.03085579074337884
100,20000,1,0.0511,0.6499999999999994,0.9116769223524388,0.6998451020797696,0.26167692235243944,0.04984510207977022,0.07425313855006821,0.02347052395530677,0.9999997937667655,0.9999993813002964,0.9999961778375734,0.9999885781294022,0.9980430528375733,0.9980430528375733,0.9681418680387165,0.997286259537852,0.03126868536220293
100,20000,2,0.0454,0.6500000000000015,0.9141088558806256,0.7005720072133628,0.26410885588062416,0.0505720072133613,0.06610761723823012,0.020678738541975775,0.9999464683411,0.9999882322646384,0.9992550827757157,0.9997775548479958,0.9977973568281938,0.9977973568281938,0.9620064134873316,0.9963878282776784,0.027582577111788655
100,20000,3,0.0504,0.649999999999999,0.9116719996940121,0.697908653028031,0.2616719996940131,0.04790865302803193,0.07682132129766593,0.023668715209921396,0.999963852783461,0.9999820308634546,0.999479578673413,0.9997097291252539,0.996031746031746,0.998015873015873,0.9654252728758735,0.9970799685976452,0.03164157095292273
100,20000,4,0.0488,0.6499999999999989,0.9120588083939363,0.6978709702112396,0.26205880839393736,0.04787097021124065,0.07806133369633023,0.024108645774533862,0.99999590680969,0.999999784568931,0.9999229051170953,0.9999958094471822,0.9979508196721312,0.9979508196721312,0.9823527719920899,0.9986132690795877,0.032263227289414186
