window,window_kind,event_type,q,bin,lags,half_life,drive_mode,drive_timing,K,T_eff,events_total,min_events_asset,rho_naive,rho_drive,delta_rho,critical_to_subcritical,rank1_delta,kappa_median,kappa_min,spike_ratio,loading_alignment,null_p_ge_observed,alg1_applicable,rho_alg1,zero_witness_pass_cols,zero_witness_min_sep,delta_rho_boot_p025,delta_rho_boot_p05,delta_rho_boot_p50,delta_rho_boot_p95,delta_rho_boot_p975,delta_rho_boot_pos_share,K_requested
Terra_Luna,shock,volume_burst,0.95,1min,60,10,loo_market_activity,lag1,5,5700,1440,288,0.9123233328280244,0.6895848330775114,0.22273849975051296,False,0.9280045267273193,0.6227040428170377,0.6218227761118865,2.620149489118823,0.9977527679616381,0.07692307692307693,False,,0,0.5487119102071967,0.10712448624332663,0.11657144642355165,0.21074078528901907,0.2620759885854367,0.291578671474489,1.0,5
Terra_Luna,shock,volume_burst,0.95,1min,60,10,loo_market_activity,lag1,10,5700,2880,288,0.9414400150166777,0.8002371358798908,0.14120287913678697,False,0.8222012039727412,0.6085568536648724,0.6027679394303658,3.5464692454951123,0.9958533890279501,0.07692307692307693,False,,1,0.5247886942167904,0.07700982560690547,0.11554116164548453,0.16058046291386463,0.22521441748509116,0.2371316395943773,1.0,10
Terra_Luna,shock,volume_burst,0.95,1min,60,10,loo_market_activity,lag1,15,5700,4319,288,0.9284171910604564,0.8913411798814203,0.03707601117903614,False,0.748527981723584,0.576220926889444,0.5713055391489406,4.074939625396781,0.9966139188229102,0.07692307692307693,False,,6,0.5007045066543522,0.02477196491705277,0.03179065347258679,0.06587367941042666,0.16141361275281252,0.17718893664528568,1.0,15
Terra_Luna,shock,volume_burst,0.95,1min,60,10,loo_market_activity,lag1,20,5700,5756,288,0.9284171910609658,0.8879863650974651,0.04043082596350067,False,0.5685716090970543,0.539965550487602,0.5360809678708355,4.8233746114520395,0.9939633023873975,0.07692307692307693,False,,6,0.5010029927904818,0.02975208067662939,0.034510719113602206,0.08860966756971861,0.16368222876435964,0.17525360771446596,1.0,20
Terra_Luna,shock,volume_burst,0.95,1min,60,10,loo_market_activity,lag1,25,5700,7193,288,0.9284171912568868,0.8874777655231055,0.04093942573378129,False,0.5136181540644518,0.5389964420264326,0.5364271727333736,5.416791811071383,0.9933436174561137,0.07692307692307693,False,,9,0.5182755096780081,0.029162783646266094,0.032204063778365453,0.09910103558061456,0.16361448847749638,0.16481673910762656,1.0,25
Terra_Luna,shock,volume_burst,0.95,1min,60,10,loo_market_activity,lag1,30,5700,8628,288,0.9470247024278234,0.8879218609602549,0.0591028414675685,False,0.4889096446408231,0.5307083906651477,0.5281218592293335,5.90441806600607,0.9899719193321106,0.07692307692307693,False,,11,0.5006598202594966,0.04203763546053984,0.043515429643576145,0.12471668882878245,0.18547857678808585,0.19112668045100245,1.0,30
Terra_Luna,shock,volume_burst,0.97,1min,60,10,loo_market_activity,lag1,5,5700,865,173,0.9184962355288785,0.7709321852682909,0.1475640502605876,False,0.8519379813384927,0.6780561594718619,0.6756781128634578,2.5811298291646745,0.9971621220229492,0.07692307692307693,False,,0,0.77648717011515,0.09234308569321797,0.09800328132897639,0.15124751638976097,0.24087563441583135,0.24214828727021925,1.0,5
Terra_Luna,shock,volume_burst,0.97,1min,60,10,loo_market_activity,lag1,10,5700,1730,173,0.9463928075132619,0.8288478559704981,0.11754495154276379,False,0.777404491106734,0.6606344216220497,0.6551793134993246,3.4318518691671014,0.9937227040414454,0.07692307692307693,False,,2,0.5278043861840848,0.05616453166008133,0.07703080163771281,0.1560042073459224,0.23119924738949169,0.255772497040503,1.0,10
Terra_Luna,shock,volume_burst,0.97,1min,60,10,loo_market_activity,lag1,15,5700,2595,173,0.9231880514332373,0.9037731686903235,0.019414882742913808,False,0.6256025561137636,0.6294624615466913,0.6247120048109223,3.7407633362762507,0.988388553105328,0.07692307692307693,False,,5,0.7528218980530065,0.00590116120818488,0.00892470099124358,0.0306035256708303,0.18721891262782978,0.19179592505375556,1.0,15
Terra_Luna,shock,volume_burst,0.97,1min,60,10,loo_market_activity,lag1,20,5700,3458,173,0.9231880514300154,0.9023841241772604,0.020803927252754928,False,0.5716208549834936,0.6033891159255647,0.5996218306251823,4.459046234761602,0.986912473044361,0.07692307692307693,False,,6,0.6412074653128226,0.004760622920388317,0.009724628662774949,0.027784850592911525,0.14579853404453766,0.15337395793136382,0.9583333333333334,20
Terra_Luna,shock,volume_burst,0.97,1min,60,10,loo_market_activity,lag1,25,5700,4321,173,0.9231880514300154,0.9013612560162708,0.02182679541374455,False,0.5689709002814045,0.5989205352400061,0.596102716708469,5.231174257563521,0.9859479390686593,0.07692307692307693,False,,10,0.5172085753100089,0.0006941231240401129,0.009169309878262095,0.0593280834185006,0.15236286643975414,0.16127514323765635,0.9583333333333334,25
Terra_Luna,shock,volume_burst,0.97,1min,60,10,loo_market_activity,lag1,30,5700,5183,173,0.9373948627228038,0.9011630451117063,0.036231817611097505,False,0.5289598683877423,0.5843338153422237,0.5815326785593985,5.522015210132307,0.9816096706627584,0.07692307692307693,False,,10,0.5091199046566472,0.01832066733773391,0.019616769685893327,0.08888455033090453,0.14500385559530996,0.14800866777173263,1.0,30
Terra_Luna,shock,volume_burst,0.985,1min,60,10,loo_market_activity,lag1,5,5700,435,87,0.8984065045548839,0.7638930873039562,0.1345134172509277,False,0.9029679142711494,0.7425863441377921,0.7399017815640972,2.100923417456611,0.989310165143636,0.07692307692307693,False,,1,0.5752424828700848,0.06831024388189341,0.09411841283718721,0.16193364701634783,0.2654688161403573,0.31373832008061453,1.0,5
Terra_Luna,shock,volume_burst,0.985,1min,60,10,loo_market_activity,lag1,10,5700,870,87,0.9303082142149441,0.8548985889019518,0.07540962531299233,False,0.6186160992077105,0.7142721281922153,0.7115236232946482,2.610091551097298,0.9508666526811599,0.07692307692307693,False,,1,1.5929726044537778,0.008501995796323786,0.012555045131242023,0.0877050195284455,0.20773448136776335,0.2161353752304404,1.0,10
Terra_Luna,shock,volume_burst,0.985,1min,60,10,loo_market_activity,lag1,15,5700,1305,87,0.8291223534162594,0.7935247780053296,0.03559757541092978,False,0.6113379145865004,0.681262233214211,0.6770935910245734,2.89477248467398,0.9526404766793433,0.07692307692307693,False,,3,0.9254754559918432,0.012782977438270851,0.02013012063139726,0.048943363723847444,0.1323217643005688,0.13984088887370238,1.0,15
Terra_Luna,shock,volume_burst,0.985,1min,60,10,loo_market_activity,lag1,20,5700,1740,87,0.8291223534368805,0.7912227992509917,0.03789955418588875,False,0.5088033563394608,0.6524137220954105,0.6492690384382601,3.344880673416236,0.9448383627432634,0.07692307692307693,False,,4,0.5236882495513061,0.006574541466069587,0.012096380074605898,0.07571625435423807,0.1662350312787978,0.1784466866562403,1.0,20
Terra_Luna,shock,volume_burst,0.985,1min,60,10,loo_market_activity,lag1,25,5700,2174,87,0.8681397108518745,0.7916578959803585,0.07648181487151595,False,0.46125027657809353,0.6283938283396397,0.625763744721738,3.7071030195580468,0.9448385335487953,0.07692307692307693,False,,5,0.5273564119423213,0.028876560320262055,0.03016190101794336,0.08353728549093592,0.15832612630583606,0.16834434890126115,1.0,25
Terra_Luna,shock,volume_burst,0.985,1min,60,10,loo_market_activity,lag1,30,5700,2607,87,0.8735623373956861,0.7940001713873273,0.07956216600835886,False,0.44794226976227464,0.6157584467535879,0.6133384078484957,3.923969563921688,0.9251486407922944,0.07692307692307693,False,,5,0.5030649590349994,0.023793896571926557,0.032321318632632025,0.06945084600075163,0.12402893213826792,0.13190216811061994,1.0,30
FTX_collapse,shock,volume_burst,0.95,1min,60,10,loo_market_activity,lag1,5,4260,1079,216,0.9184317216219777,0.7750519983679599,0.14337972325401782,False,0.8917047751713222,0.5899749822641865,0.5878836301620486,2.422913831327973,0.9969139202320491,0.07692307692307693,False,,0,0.7805617000273835,0.09869488675292115,0.10465708225254079,0.18693051480470774,0.24107413304776357,0.24525918067133834,1.0,5
FTX_collapse,shock,volume_burst,0.95,1min,60,10,loo_market_activity,lag1,10,4260,2150,216,0.9242110341452598,0.7686603386768143,0.15555069546844558,False,0.7829109894344651,0.5781568729120997,0.5739348023756514,3.4057044323128225,0.9985073343042982,0.07692307692307693,False,,3,0.9829623275456412,0.08170942595040334,0.08346497206815903,0.177157481756318,0.2644343022764597,0.2814009797298722,1.0,10
FTX_collapse,shock,volume_burst,0.95,1min,60,10,loo_market_activity,lag1,15,4260,3224,216,0.9333828668373996,0.9101177593075954,0.023265107529804152,False,0.6726459557454544,0.5622886226509454,0.5565672443351807,4.413732075169612,0.9979392909958924,0.07692307692307693,False,,3,0.6109575885610775,0.007154006832400689,0.01224148817348903,0.0441958700525758,0.19864869775236346,0.20559584522487623,1.0,15
FTX_collapse,shock,volume_burst,0.95,1min,60,10,loo_market_activity,lag1,20,4260,4297,216,0.9359689468537711,0.9084686431081914,0.027500303745579657,False,0.6194577224649831,0.5523934944852831,0.5482834078685203,4.73788755193135,0.9964882861967249,0.07692307692307693,False,,11,0.5640297810685195,0.00555337751251791,0.007912264587944941,0.049393677160419924,0.1771398142182575,0.20509387452325734,1.0,20
FTX_collapse,shock,volume_burst,0.95,1min,60,10,loo_market_activity,lag1,25,4260,5353,216,0.9373221636057315,0.9080264652781449,0.029295698327586606,False,0.5689469027233823,0.5419130454122295,0.5375607857850178,5.0989767444202645,0.9940888061822191,0.07692307692307693,False,,11,0.5071497235919789,0.007542594390892399,0.011538939165522462,0.043045285255057464,0.10312597712426877,0.12747841152641323,1.0,25
FTX_collapse,shock,volume_burst,0.95,1min,60,10,loo_market_activity,lag1,30,4260,6421,216,0.9373415457140255,0.9079528171790752,0.029388728534950337,False,0.5464671987938078,0.530418447073912,0.5266494740913146,5.744910616502124,0.9943854768238156,0.07692307692307693,False,,16,0.5134668055693894,0.005411651169289958,0.00667629671686551,0.029141618163056215,0.10846375766553575,0.11860105242393179,1.0,30
FTX_collapse,shock,volume_burst,0.97,1min,60,10,loo_market_activity,lag1,5,4260,650,130,0.9083685586895704,0.7454358243439453,0.16293273434562516,False,0.7917604622756875,0.6235356575925929,0.6184899329605063,2.5533970232029914,0.9725720094494166,0.07692307692307693,False,,1,1.945628482273831,0.10164191969463769,0.10621843153386248,0.17454363475442286,0.2926033164476043,0.3116004987407615,1.0,5
FTX_collapse,shock,volume_burst,0.97,1min,60,10,loo_market_activity,lag1,10,4260,1296,130,0.9153742892975392,0.7498749965622454,0.16549929273529373,False,0.7265970597374162,0.6139569330611203,0.609771771214788,3.6930296687392996,0.9885184890574917,0.07692307692307693,False,,0,0.5111303100697184,0.09562256535782684,0.10820749664583953,0.19125369795744324,0.26791837597602214,0.28654347463093716,1.0,10
FTX_collapse,shock,volume_burst,0.97,1min,60,10,loo_market_activity,lag1,15,4260,1943,130,0.9181400150014111,0.9150831871905248,0.0030568278108862312,False,0.6633001745113309,0.6105096029469586,0.60458144931694,4.677991359578061,0.9921005688353879,0.07692307692307693,False,,3,0.5437560928235627,-0.0020333756862664643,-0.0006290387050044089,0.012549253116877379,0.14221413303411246,0.17186501774589713,0.875,15
FTX_collapse,shock,volume_burst,0.97,1min,60,10,loo_market_activity,lag1,20,4260,2592,130,0.9181400137281991,0.9142038527082912,0.003936161019907902,False,0.5790551478921999,0.6006557248025313,0.5959673338912187,5.2388716653266965,0.9912687860044772,0.07692307692307693,False,,8,0.6310655062324506,-0.0021943718543965957,-0.00037857715664569837,0.016621458606290218,0.056358548073511906,0.057982492438121674,0.9166666666666666,20
FTX_collapse,shock,volume_burst,0.97,1min,60,10,loo_market_activity,lag1,25,4260,3227,130,0.918235075499182,0.914147363360381,0.004087712138800992,False,0.5824626516312338,0.5792620855159866,0.5753172634153499,5.191317779484107,0.985012619655164,0.07692307692307693,False,,10,0.5432172540834814,0.0031971852377196104,0.004508998554644239,0.025414163197026107,0.11261057476437128,0.12395134883247634,1.0,25
FTX_collapse,shock,volume_burst,0.97,1min,60,10,loo_market_activity,lag1,30,4260,3874,130,0.9182350008569102,0.9142241898462489,0.004010811010661364,False,0.5577420297381555,0.5684480895020467,0.565224945936275,5.70391677284595,0.9857298313488553,0.07692307692307693,False,,12,0.5020775413553286,0.001873909155143716,0.0030395797464490503,0.02164133899428755,0.06919768611070708,0.0700514339472225,1.0,30
FTX_collapse,shock,volume_burst,0.985,1min,60,10,loo_market_activity,lag1,5,4260,325,65,0.8840974175050056,0.7697255840442289,0.11437183346077673,False,0.8350741151578852,0.6790472461131312,0.6723730580365211,2.38486294280032,0.9807181757419114,0.07692307692307693,False,,0,,0.029180223707920103,0.03547841149098487,0.13399905082555535,0.19667762232682168,0.2000275570318114,1.0,5
FTX_collapse,shock,volume_burst,0.985,1min,60,10,loo_market_activity,lag1,10,4260,648,65,0.8847700924040902,0.6839561303945524,0.20081396200953783,False,0.6914075395705694,0.6652867919388856,0.6612201948686437,3.4042918258413533,0.9818387162715764,0.07692307692307693,False,,0,0.5229121632921307,0.07864873046867675,0.08505225653351943,0.18761201315784098,0.371777213725196,0.38697759852366437,1.0,10
FTX_collapse,shock,volume_burst,0.985,1min,60,10,loo_market_activity,lag1,15,4260,972,65,0.9151786810339093,0.9061016921849608,0.009076988848948475,False,0.643217852357195,0.6621533073431036,0.6561989635404338,4.189818757098515,0.9814175913628926,0.07692307692307693,False,,5,0.7822180135035434,-0.001426075721553724,-0.0010700282234596015,0.005402429249396379,0.10009631463977187,0.12032864215780077,0.8333333333333334,15
FTX_collapse,shock,volume_burst,0.985,1min,60,10,loo_market_activity,lag1,20,4260,1297,65,0.9070670402217152,0.9057826904862214,0.0012843497354938505,False,0.7212297673221878,0.6357505443381677,0.6313733956375904,4.369059309381373,0.9816300326569434,0.3076923076923077,False,,5,0.5067221896197928,-0.004399466382466832,0.00021733303274723564,0.006270565183160048,0.03036007846042708,0.09035749258253586,0.9583333333333334,20
FTX_collapse,shock,volume_burst,0.985,1min,60,10,loo_market_activity,lag1,25,4260,1611,65,0.9072112716801899,0.905819897347547,0.001391374332642914,False,0.7192081425847423,0.6213823624768421,0.6171451030906611,4.5950028934256855,0.9766348618937097,0.15384615384615385,False,,7,0.5216673617720314,-0.0011693631919641148,1.6008954654422903e-05,0.004821425125811851,0.1696373821856193,0.1919824567812958,0.9166666666666666,25
FTX_collapse,shock,volume_burst,0.985,1min,60,10,loo_market_activity,lag1,30,4260,1935,65,0.9063201197443482,0.9058500993350882,0.0004700204092600302,False,0.6834818449918911,0.6148918373348394,0.611806184193769,5.092434602534504,0.9755111907222036,0.07692307692307693,False,,12,0.5213606854377542,-0.0007146122674060172,-0.00018325761070489,0.0059973129363206645,0.12643086959026675,0.13897559372965135,0.875,30
Banking_crypto,shock,volume_burst,0.95,1min,60,10,loo_market_activity,lag1,5,5700,1428,288,0.9056822764859664,0.8132810229781164,0.09240125350785,False,0.664805616015975,0.635374237013036,0.6315061227880913,3.090101631647626,0.9938374015110523,0.07692307692307693,False,,0,0.5504328615035043,0.02911404382157689,0.03551736407483634,0.10531757461867453,0.2681784901267049,0.30183774094250965,1.0,5
Banking_crypto,shock,volume_burst,0.95,1min,60,10,loo_market_activity,lag1,10,5700,2860,288,0.9212012631186873,0.8113425966837489,0.10985866643493847,False,0.7123808981823264,0.5934999977599769,0.5922774648089147,4.622748231341078,0.9951346089421076,0.07692307692307693,False,,1,0.6276589055849089,0.03454932755231233,0.039206471531605974,0.1295125180345485,0.2741081713735913,0.2860790340387351,1.0,10
Banking_crypto,shock,volume_burst,0.95,1min,60,10,loo_market_activity,lag1,15,5700,4285,288,0.9359700524565681,0.8088284794660845,0.12714157299048356,False,0.6571297656113259,0.5659541450096158,0.5641333443430041,4.980038483928758,0.9945452980443596,0.07692307692307693,False,,4,0.5767617619837403,0.027706002725573727,0.03290854340187996,0.09571334925914843,0.18517245835942778,0.18966725075934565,1.0,15
Banking_crypto,shock,volume_burst,0.95,1min,60,10,loo_market_activity,lag1,20,5700,5718,288,0.944290611339362,0.8090939193532329,0.13519669198612905,False,0.5505711124396713,0.5502810837060975,0.5478626827360472,5.441765598163518,0.9928565154092225,0.07692307692307693,False,,8,0.5005456483255021,0.06429307829722497,0.07254701805770039,0.12100320249704699,0.25341440207508004,0.2793886136076183,1.0,20
Banking_crypto,shock,volume_burst,0.95,1min,60,10,loo_market_activity,lag1,25,5700,7133,288,0.9480496656457342,0.8106069717209367,0.13744269392479758,False,0.4957517556688349,0.546774091238414,0.5444519466460361,5.904080624873538,0.9915234245356621,0.07692307692307693,False,,13,0.5207356165045378,0.053562352684739384,0.061807051347615556,0.12513354252122183,0.24508841740745327,0.29148938566238136,1.0,25
Banking_crypto,shock,volume_burst,0.95,1min,60,10,loo_market_activity,lag1,30,5700,8553,288,0.9502568235184647,0.8143002853278153,0.13595653819064946,False,0.4874834434966271,0.5385967146391434,0.5358485223102514,6.722307210656817,0.9906966270768844,0.07692307692307693,False,,11,0.5524030577968976,0.063752446742629,0.06628695668750301,0.11368152399448272,0.26281111583690386,0.27904385650414115,1.0,30
Banking_crypto,shock,volume_burst,0.97,1min,60,10,loo_market_activity,lag1,5,5700,860,173,0.8932900372158913,0.7970388704406834,0.09625116677520784,False,0.8569963377464552,0.6691914655768642,0.6647671501047245,3.299460837042,0.9919811118956523,0.07692307692307693,False,,0,0.6230798152566445,0.03280883563882392,0.041588001353809814,0.14405612539881518,0.26980834868242065,0.28241770295824076,1.0,5
Banking_crypto,shock,volume_burst,0.97,1min,60,10,loo_market_activity,lag1,10,5700,1723,173,0.9037637041823497,0.7971858866931483,0.10657781748920148,False,0.6785898333587908,0.6216511051144111,0.6186749403215949,5.001321286288362,0.9925417214148674,0.07692307692307693,False,,1,0.7116725098066013,0.020771450317593008,0.02209645220737152,0.10940569618824036,0.27761697361535365,0.28080976844056915,1.0,10
Banking_crypto,shock,volume_burst,0.97,1min,60,10,loo_market_activity,lag1,15,5700,2582,173,0.9344034971280318,0.8054940076685404,0.12890948945949143,False,0.6747664784360622,0.5965344146656973,0.5939885559536551,5.093849655501359,0.9914124262150491,0.07692307692307693,False,,5,0.5927486358634018,0.038708471116019695,0.04272610082345274,0.13214655822312166,0.27050777246943675,0.28270764616543903,1.0,15
Banking_crypto,shock,volume_burst,0.97,1min,60,10,loo_market_activity,lag1,20,5700,3445,173,0.9382849179756799,0.795203847015163,0.14308107096051692,False,0.6355223639039548,0.577592718269693,0.5754957696162346,5.604856480832165,0.9866189980424116,0.07692307692307693,False,,10,0.5595024060290936,0.07475039466046801,0.08804756007021881,0.15864848128368025,0.26137993522628644,0.27301403933194385,1.0,20
Banking_crypto,shock,volume_burst,0.97,1min,60,10,loo_market_activity,lag1,25,5700,4293,173,0.9410496287303162,0.7990999853750699,0.1419496433552463,False,0.6478344958846384,0.5720539875381692,0.5694892143960986,6.2599130359299755,0.9881243604715952,0.07692307692307693,False,,10,0.5727583959467356,0.047978099726531456,0.0528187448820617,0.12662580551375657,0.20038181697288826,0.20932057556754052,1.0,25
Banking_crypto,shock,volume_burst,0.97,1min,60,10,loo_market_activity,lag1,30,5700,5140,173,0.9401833846802791,0.7991614816827115,0.14102190299756756,False,0.5980983870681538,0.5605603509975807,0.5580699948712362,7.168883310029765,0.9888340068215823,0.07692307692307693,False,,10,0.5050942124117843,0.10707440313560547,0.11113219868231627,0.17208132894974,0.26754564096018146,0.28183688548938957,1.0,30
Banking_crypto,shock,volume_burst,0.985,1min,60,10,loo_market_activity,lag1,5,5700,434,87,0.8728261952152763,0.8291137936123547,0.04371240160292156,False,0.8252489968665598,0.6928239376908848,0.6888225519411958,3.178460782364056,0.9938442850941294,0.07692307692307693,False,,0,0.7250839791526982,0.005534221498052758,0.009063478066440585,0.07666459492878258,0.2721618798125423,0.28135599969112224,1.0,5
Banking_crypto,shock,volume_burst,0.985,1min,60,10,loo_market_activity,lag1,10,5700,868,87,0.873000602369762,0.8273367373869014,0.04566386498286057,False,0.6437455433333843,0.6522752466193922,0.6486648875028947,5.330910945697106,0.9902961311949343,0.07692307692307693,False,,1,0.6330088751783051,-0.0009673767897550061,0.00025768144252352786,0.09305419346232435,0.2895496681546877,0.2937948293484455,0.9166666666666666,10
Banking_crypto,shock,volume_burst,0.985,1min,60,10,loo_market_activity,lag1,15,5700,1302,87,0.8822468054357532,0.8256518127179371,0.056594992717816095,False,0.5999365623306363,0.6302253870283808,0.6279491158447011,5.461051766012492,0.9925972145538056,0.07692307692307693,False,,5,0.5235252496681211,0.026701140681514853,0.03259673825739291,0.10399443862747881,0.2291202940879003,0.2324176346817851,1.0,15
Banking_crypto,shock,volume_burst,0.985,1min,60,10,loo_market_activity,lag1,20,5700,1737,87,0.8839885991769971,0.8259508443316025,0.05803775484539464,False,0.5841248482385587,0.6098276737258066,0.6066962384956931,5.956750194920546,0.9896423333794664,0.07692307692307693,False,,4,0.5069167440139372,0.022671092708069964,0.02383557346482757,0.1009572160166834,0.18429461057172758,0.18755404337536266,1.0,20
Banking_crypto,shock,volume_burst,0.985,1min,60,10,loo_market_activity,lag1,25,5700,2161,87,0.9013823538189877,0.8115150437782596,0.08986731004072812,False,0.5029484544845032,0.6027049948321327,0.6002828698705281,6.442173611155274,0.9885379591415889,0.07692307692307693,False,,4,0.5188987373645427,0.012905626491351973,0.01571403024096212,0.12100765238346622,0.22723055733134276,0.2874634660121173,1.0,25
Banking_crypto,shock,volume_burst,0.985,1min,60,10,loo_market_activity,lag1,30,5700,2588,87,0.9067370835357607,0.8118837816256321,0.09485330191012853,False,0.4786062128094607,0.599458656609003,0.596663480045495,7.2644491546525405,0.9884401723793356,0.07692307692307693,False,,10,0.5108644461935524,0.03435543041497287,0.03818930242191578,0.1332783371712531,0.19185782373747767,0.23888550991016638,1.0,30
Control_2022_Aug_A,control,volume_burst,0.95,1min,60,10,loo_market_activity,lag1,5,4260,1072,216,0.933208839110805,0.7565657380817066,0.17664310102909841,False,0.8010824468417426,0.6562644355135044,0.649612788924626,2.305513318173221,0.9962813992480966,0.07692307692307693,False,,0,,0.15125306668621533,0.15751684837934377,0.2088936639359975,0.2858858340600572,0.309016121526218,1.0,5
Control_2022_Aug_A,control,volume_burst,0.95,1min,60,10,loo_market_activity,lag1,10,4260,2150,216,0.915388471768797,0.799244084870525,0.116144386898272,False,0.5737022629828156,0.6299046493611851,0.6261715127172369,3.174594832755803,0.9952579071487341,0.07692307692307693,False,,0,0.5617698604502406,0.017537137398224996,0.020083256644597997,0.16656580470522842,0.27866546870951986,0.28282172722178395,1.0,10
Control_2022_Aug_A,control,volume_burst,0.95,1min,60,10,loo_market_activity,lag1,15,4260,3226,216,0.9315221711131448,0.7877614671313966,0.14376070398174823,False,0.5280783226926092,0.61340797609807,0.6102331101431606,3.35156688798275,0.9946648001426551,0.07692307692307693,False,,1,0.5284491085735334,0.0484597729746191,0.05150007258160691,0.13515510476008924,0.24448142752861102,0.26967435367806897,1.0,15
Control_2022_Aug_A,control,volume_burst,0.95,1min,60,10,loo_market_activity,lag1,20,4260,4304,216,0.9472842323326038,0.8582217126940804,0.08906251963852341,False,0.5060099764057585,0.5880793360828274,0.5849710248746929,3.6422575040311114,0.9916184958897676,0.07692307692307693,False,,6,0.5749303009872664,0.008505253493019957,0.012787995629093298,0.1060725159503052,0.22357026026040186,0.25432235267051123,1.0,20
Control_2022_Aug_A,control,volume_burst,0.95,1min,60,10,loo_market_activity,lag1,25,4260,5380,216,0.9382632953206334,0.8587916478051759,0.07947164751545743,False,0.5972216233559086,0.5767240483283753,0.574180142129176,4.184141067719299,0.9893736183911289,0.07692307692307693,False,,12,0.528844750490277,0.04441677937676923,0.05615480461417191,0.10201492004999008,0.1526954423914357,0.15576769596016096,1.0,25
Control_2022_Aug_A,control,volume_burst,0.95,1min,60,10,loo_market_activity,lag1,30,4260,6451,216,0.9442247799682192,0.8578496924158492,0.08637508755237,False,0.5038135801012404,0.568895510951023,0.5668197698318153,4.65273389069197,0.9882486412900199,0.07692307692307693,False,,13,0.5424043329094456,0.02208136206652854,0.03742666079491336,0.10755191949609993,0.1856540697177377,0.19174405371700118,1.0,30
Control_2022_Aug_A,control,volume_burst,0.97,1min,60,10,loo_market_activity,lag1,5,4260,645,130,0.9235726673845412,0.7712512943837623,0.15232137300077897,False,0.8834357662235882,0.6954683938607432,0.6839600330841658,2.1930899605120264,0.9940829922206684,0.07692307692307693,False,,0,,0.09880831712619377,0.10988337744076809,0.1699206725404785,0.2586199325279933,0.27920542013629635,1.0,5
Control_2022_Aug_A,control,volume_burst,0.97,1min,60,10,loo_market_activity,lag1,10,4260,1295,130,0.8901351981994907,0.800078003122663,0.09005719507682775,False,0.6570071336678859,0.6615573720928185,0.657771437955281,3.0132825948302453,0.9923841828543488,0.07692307692307693,False,,0,,0.002067824672702029,0.0036304968635138776,0.07116331362047129,0.2580603397534936,0.27331851625347103,1.0,10
Control_2022_Aug_A,control,volume_burst,0.97,1min,60,10,loo_market_activity,lag1,15,4260,1942,130,0.9116433545402487,0.7898561688975642,0.12178718564268454,False,0.5612236615776524,0.6405841869151526,0.6384698373571369,3.440211624634929,0.9918677101212693,0.07692307692307693,False,,0,0.6526724817912996,0.014220320739951609,0.023044099190747444,0.14439211949508063,0.29349691953133356,0.3106657355187649,1.0,15
Control_2022_Aug_A,control,volume_burst,0.97,1min,60,10,loo_market_activity,lag1,20,4260,2592,130,0.9233434269492438,0.8571609147323095,0.06618251221693427,False,0.45264755955930785,0.6256314625788448,0.623046441030827,3.770458206780841,0.9873108868442708,0.07692307692307693,False,,6,0.5841750922793699,0.028933425222296506,0.03765295572982369,0.07130749507086959,0.16268747806177247,0.18099324040218995,1.0,20
Control_2022_Aug_A,control,volume_burst,0.97,1min,60,10,loo_market_activity,lag1,25,4260,3241,130,0.9263959806618582,0.8575969054722948,0.06879907518956341,False,0.5830457351264462,0.6025037567004027,0.6001364422206074,4.213910471794554,0.9846374348260487,0.07692307692307693,False,,6,0.5086133583758048,0.01952200892065823,0.030739449143562938,0.07473517710467609,0.12981984330160687,0.13498114413871853,1.0,25
Control_2022_Aug_A,control,volume_burst,0.97,1min,60,10,loo_market_activity,lag1,30,4260,3886,130,0.9185149842575724,0.8571412991256534,0.06137368513191899,False,0.49422496031368385,0.5925161612356731,0.5906792859625895,4.588337466472878,0.9829489056361156,0.07692307692307693,False,,11,0.5162799084271282,0.03878244704979417,0.04238874943292101,0.1005153396184208,0.1675048735615142,0.17326138213801726,1.0,30
Control_2022_Aug_A,control,volume_burst,0.985,1min,60,10,loo_market_activity,lag1,5,4260,323,65,0.8897036439618006,0.7525472264779359,0.13715641748386465,False,0.8864997353452931,0.7239297964390081,0.7088256086624368,2.3358625107051694,0.9865994668926884,0.07692307692307693,False,,0,,0.09039224497165022,0.0992341645261881,0.1758610763278054,0.2357222072721442,0.243654029632141,1.0,5
Control_2022_Aug_A,control,volume_burst,0.985,1min,60,10,loo_market_activity,lag1,10,4260,648,65,0.8806754539504401,0.7292649594635653,0.15141049448687482,False,0.787815260903075,0.7026299310859195,0.6977838553661504,3.054099744611616,0.9718695232602951,0.07692307692307693,False,,0,,0.0003920139663517539,0.003059132972670004,0.13063851031672258,0.3261851825910545,0.3473977759581136,0.9583333333333334,10
Control_2022_Aug_A,control,volume_burst,0.985,1min,60,10,loo_market_activity,lag1,15,4260,971,65,0.8622599784578617,0.7213461012833521,0.14091387717450965,False,0.6271168376578086,0.6376223899411562,0.6321027550284244,3.435295538324181,0.9734854969144655,0.07692307692307693,False,,0,0.7094096566525251,0.03509583493699958,0.04320769715384497,0.14541943425568565,0.3076342667204126,0.3376369459242189,1.0,15
Control_2022_Aug_A,control,volume_burst,0.985,1min,60,10,loo_market_activity,lag1,20,4260,1296,65,0.8972248393385346,0.8491695009603042,0.048055338378230394,False,0.5311482981275469,0.6176963632442509,0.6123642807582831,3.594037013846795,0.9687657354951741,0.07692307692307693,False,,1,0.5747714714366461,0.023649178800021056,0.027610800722499548,0.07389345785113555,0.11320305732317093,0.11923466524249005,1.0,20
Control_2022_Aug_A,control,volume_burst,0.985,1min,60,10,loo_market_activity,lag1,25,4260,1621,65,0.9057491796302255,0.849720481384457,0.056028698245768505,False,0.5553966386121549,0.6051260373102905,0.6010614281930212,4.031044416440949,0.9692662724651553,0.07692307692307693,False,,2,0.5003741915934623,0.012929375395231264,0.024065824567096338,0.07430447214087493,0.11753033719821877,0.13884483562788066,1.0,25
Control_2022_Aug_A,control,volume_burst,0.985,1min,60,10,loo_market_activity,lag1,30,4260,1944,65,0.908554433529484,0.8494268030520481,0.059127630477435855,False,0.5569470406878311,0.5924712513952721,0.5895259989246467,4.417175678430267,0.9634378361917282,0.07692307692307693,False,,2,0.5103410724650532,0.0264958141410108,0.035152691754190155,0.07966076022226343,0.13701888417479352,0.1470787051945942,1.0,30
Control_2022_Oct,control,volume_burst,0.95,1min,60,10,loo_market_activity,lag1,5,4260,1061,216,0.855508338577999,0.6941142985168638,0.16139404006113522,False,0.8369416055646496,0.6611518031520424,0.6547741787086265,2.0530694269343903,0.9919431564594462,0.07692307692307693,False,,1,0.6094223007063232,0.08077343600383692,0.0843246746289068,0.15365655427971203,0.23097165325250307,0.23989889796746172,1.0,5
Control_2022_Oct,control,volume_burst,0.95,1min,60,10,loo_market_activity,lag1,10,4260,2114,216,0.8904260778560076,0.7724295255859833,0.11799655227002426,False,0.6904401815727497,0.6189924438857334,0.6157707363608392,2.6517262429662316,0.9907274440715454,0.07692307692307693,False,,4,0.5304530889359711,0.028167270669338686,0.04977312423831503,0.09563949595238269,0.18926066234514485,0.19154835062907907,1.0,10
Control_2022_Oct,control,volume_burst,0.95,1min,60,10,loo_market_activity,lag1,15,4260,3177,216,0.9102406710282298,0.8621691048375832,0.048071566190646564,False,0.5965706100009959,0.6009897132476602,0.5971995892173672,3.0034933763988136,0.9849663478721882,0.07692307692307693,False,,6,0.5078635221405146,0.008874497045688871,0.015714926084615933,0.06251598375833939,0.12946576737461235,0.14363448011668728,1.0,15
Control_2022_Oct,control,volume_burst,0.95,1min,60,10,loo_market_activity,lag1,20,4260,4243,216,0.9157917179232392,0.8617730834380428,0.05401863448519639,False,0.5526275590309374,0.589445098436499,0.5857598067591399,3.1088863770732256,0.9853859606196762,0.07692307692307693,False,,7,0.5380675482744067,0.012074645348561435,0.02034007646305837,0.061048449344715094,0.12234060146122924,0.13513902738555464,1.0,20
Control_2022_Oct,control,volume_burst,0.95,1min,60,10,loo_market_activity,lag1,25,4260,5305,216,0.9494032536463928,0.8633622568239301,0.08604099682246269,False,0.5199613106735895,0.5859919513918671,0.5833881674001034,3.4680214764712733,0.9807488847353698,0.07692307692307693,False,,10,0.5703228030167523,0.028640368295131502,0.03840018952841412,0.06962457731926008,0.1065288059620341,0.11129005016350582,1.0,25
Control_2022_Oct,control,volume_burst,0.95,1min,60,10,loo_market_activity,lag1,30,4260,6377,216,0.9535783308012752,0.8639590915314476,0.08961923926982762,False,0.4888360133881418,0.5728312035421753,0.5699853393930593,4.08726358087657,0.98315527440864,0.07692307692307693,False,,12,0.5218413025328006,0.06461050269324617,0.06696819223488787,0.09246579204327449,0.13453849059257209,0.1549470713995229,1.0,30
Control_2022_Oct,control,volume_burst,0.97,1min,60,10,loo_market_activity,lag1,5,4260,640,130,0.8217063511545604,0.6124510977860785,0.20925525336848183,False,0.764228890765894,0.6757380185028938,0.6699208080445969,2.0577869555064816,0.979889419486933,0.07692307692307693,False,,0,0.6327222183361835,0.13072900252474481,0.13633358554427813,0.20241296751489202,0.24987970832844195,0.26655287381610615,1.0,5
Control_2022_Oct,control,volume_burst,0.97,1min,60,10,loo_market_activity,lag1,10,4260,1274,130,0.862387052428232,0.7819266483986453,0.08046040402958665,False,0.5684841523151875,0.6335216601144277,0.6295055633056542,2.6651555454044926,0.9807204000728004,0.07692307692307693,False,,1,0.5323317583440476,0.02491673055797265,0.03335138245025606,0.07765224948454258,0.2263977193515587,0.24742902673801712,1.0,10
Control_2022_Oct,control,volume_burst,0.97,1min,60,10,loo_market_activity,lag1,15,4260,1914,130,0.8953340010063877,0.8314518770368367,0.06388212396955106,False,0.5332023082620494,0.6155624702127959,0.6109971896186027,3.0430661585453347,0.9800381804317961,0.07692307692307693,False,,4,0.5045885510384157,0.007467099009464173,0.009737683148083476,0.04746108881686001,0.12708306441007494,0.13504915173246435,1.0,15
Control_2022_Oct,control,volume_burst,0.97,1min,60,10,loo_market_activity,lag1,20,4260,2555,130,0.922494903829984,0.8285038770771476,0.09399102675283644,False,0.49310418498444053,0.6012293573713199,0.5970786704884591,3.4468761975354556,0.9801044479531316,0.07692307692307693,False,,7,0.636104903042219,0.03232375464920141,0.040467369893245723,0.09285149529143605,0.14178880338954244,0.14392155818387806,1.0,20
Control_2022_Oct,control,volume_burst,0.97,1min,60,10,loo_market_activity,lag1,25,4260,3192,130,0.962557260141728,0.8531255560828408,0.10943170405888725,False,0.4585521235399706,0.5948037810779535,0.5917656201537367,3.811080912451966,0.9729030201955863,0.07692307692307693,False,,10,0.5366076501335241,0.059523488864419896,0.06394670558871673,0.10093138414713732,0.1331180298406845,0.15146237032465568,1.0,25
Control_2022_Oct,control,volume_burst,0.97,1min,60,10,loo_market_activity,lag1,30,4260,3836,130,0.9654682094664371,0.8516121542799637,0.11385605518647335,False,0.4590058380627709,0.5813328228912813,0.5789364270632352,4.439187079251057,0.9738958930977947,0.07692307692307693,False,,16,0.5051836639763421,0.0441319799228444,0.0487462985435328,0.08584378772401818,0.16530488233671128,0.16976636357898195,1.0,30
Control_2022_Oct,control,volume_burst,0.985,1min,60,10,loo_market_activity,lag1,5,4260,320,65,0.7668690803984985,0.532495511499592,0.2343735688989066,False,0.7819584428619438,0.7098021988397278,0.7058271147444544,2.1839636651276764,0.9894699552748747,0.07692307692307693,False,,0,0.6122023666987307,0.09802688510621033,0.1147373619618238,0.23064460932303024,0.32562353216012757,0.34251542123080814,1.0,5
Control_2022_Oct,control,volume_burst,0.985,1min,60,10,loo_market_activity,lag1,10,4260,632,65,0.795160424939283,0.7778313297168288,0.017329095222454183,False,0.6899221984924011,0.661782498126536,0.6571207703122685,2.8516426854492876,0.9731882226790701,0.07692307692307693,False,,1,0.6475530983965051,0.004450208675808859,0.005605463614104389,0.05391039738047526,0.1438429549603039,0.15661277187936093,1.0,10
Control_2022_Oct,control,volume_burst,0.985,1min,60,10,loo_market_activity,lag1,15,4260,956,65,0.8533348888752917,0.7817605837468063,0.0715743051284854,False,0.6685597149455175,0.6359134694726258,0.6304357995055097,3.271125842613596,0.9723722562020481,0.07692307692307693,False,,4,1.2189649236112448,0.006389191578820089,0.008506033956026744,0.07979881830495833,0.1462379168947165,0.17817380915350498,1.0,15
Control_2022_Oct,control,volume_burst,0.985,1min,60,10,loo_market_activity,lag1,20,4260,1277,65,0.9011159527151184,0.8065102368870415,0.09460571582807686,False,0.6200174250706613,0.6232676255515884,0.618315283584876,3.9422007901922633,0.9739785056421759,0.07692307692307693,False,,4,0.5540197686180485,0.018898206137666195,0.032550258217788,0.0650791977353452,0.15094163013220274,0.15858797285803614,1.0,20
Control_2022_Oct,control,volume_burst,0.985,1min,60,10,loo_market_activity,lag1,25,4260,1594,65,0.9276179915486281,0.8285574844798718,0.09906050706875635,False,0.6163997554152404,0.6153744024748826,0.6119292192393079,4.322737891839211,0.9607971044183391,0.07692307692307693,False,,7,0.5021641374358731,0.026186619772156437,0.034781116383244076,0.0740933225443211,0.13711662551625098,0.14720380959716173,1.0,25
Control_2022_Oct,control,volume_burst,0.985,1min,60,10,loo_market_activity,lag1,30,4260,1918,65,0.9314836353536997,0.8208823433387344,0.11060129201496527,False,0.5750134467604996,0.5925812527340812,0.5893950993397694,5.054334456496443,0.9576039765473159,0.07692307692307693,False,,9,0.5771330550148219,0.029717032478319284,0.03816642057544511,0.0877756833575245,0.13887807802650054,0.14409816890415397,1.0,30
Control_2023_Feb,control,volume_burst,0.95,1min,60,10,loo_market_activity,lag1,5,4260,1071,216,0.9142314654385052,0.669943152683441,0.24428831275506424,False,0.8740400680746976,0.6074145544399989,0.5933288064118537,1.7694807872221843,0.9848411760983515,0.07692307692307693,False,,0,0.5472764231624856,0.16142786100910925,0.18503542339143023,0.2660644805168831,0.34045546799665566,0.3438120095649374,1.0,5
Control_2023_Feb,control,volume_burst,0.95,1min,60,10,loo_market_activity,lag1,10,4260,2126,216,0.9212913460808271,0.6964248034789503,0.22486654260187677,False,0.6145475806447879,0.5597871289623191,0.5545955698530529,2.4435971645735126,0.9915983095246351,0.07692307692307693,False,,2,0.9355804573508295,0.028311925063251253,0.03762020105657598,0.1655038941535072,0.26041141614661034,0.2652060434277071,1.0,10
Control_2023_Feb,control,volume_burst,0.95,1min,60,10,loo_market_activity,lag1,15,4260,3200,216,0.9231736823783284,0.7393668430811081,0.1838068392972203,False,0.5972592700749132,0.5467061902368695,0.5422931643430536,2.8658958887241384,0.9915230198970464,0.07692307692307693,False,,5,0.5304796108484834,0.08469526469617801,0.09024593965259757,0.15043231404917062,0.2298159226132491,0.2345116853481457,1.0,15
Control_2023_Feb,control,volume_burst,0.95,1min,60,10,loo_market_activity,lag1,20,4260,4274,216,0.9335726835005623,0.876562142642656,0.057010540857906356,False,0.48938860831097275,0.5188167207645282,0.5136911868224057,3.0505859291987547,0.98767473586054,0.07692307692307693,False,,9,0.5451609041868876,0.04045559624031822,0.045984971960506056,0.10059757709687045,0.2168662718352515,0.2424170652752731,1.0,20
Control_2023_Feb,control,volume_burst,0.95,1min,60,10,loo_market_activity,lag1,25,4260,5349,216,0.9826074047158185,0.9299136859769195,0.052693718738899054,False,0.4452444871538979,0.49953215031957154,0.4943617423644775,3.2908015346516373,0.9842976217346032,0.07692307692307693,False,,13,0.5274204258273563,0.022561212819121358,0.025098690031872203,0.07192031080976513,0.12136065479084562,0.17073106101428176,1.0,25
Control_2023_Feb,control,volume_burst,0.95,1min,60,10,loo_market_activity,lag1,30,4260,6421,216,0.9981401528532899,0.9381761596246907,0.059963993228599244,False,0.4094898307417138,0.4826054625225892,0.4776705574281277,3.3412552917955662,0.9829468986571952,0.07692307692307693,False,,16,0.5301818571789895,0.0450796710077263,0.04606671467636844,0.08505209502563449,0.10754564944837562,0.11476929001152891,1.0,30
Control_2023_Feb,control,volume_burst,0.97,1min,60,10,loo_market_activity,lag1,5,4260,645,130,0.8794263992544595,0.6350421860112567,0.2443842132432028,False,0.8668327950551487,0.6280022772121163,0.6205964799379552,1.9360599347028358,0.9794620984953115,0.07692307692307693,False,,0,0.6794672832925929,0.15643879706766212,0.1584902772499829,0.25607196139253785,0.2947102939770217,0.30887167365899637,1.0,5
Control_2023_Feb,control,volume_burst,0.97,1min,60,10,loo_market_activity,lag1,10,4260,1280,130,0.8914137066590119,0.718710647798262,0.17270305886074988,False,0.7606811879589563,0.5788357345851608,0.5743271404859381,2.481340692057612,0.9817052858509876,0.07692307692307693,False,,2,0.5207610220599915,0.02807872406275242,0.05067105958132104,0.12462712374027585,0.21584741543303493,0.23472468675267397,0.9583333333333334,10
Control_2023_Feb,control,volume_burst,0.97,1min,60,10,loo_market_activity,lag1,15,4260,1927,130,0.8912259132301457,0.7184647577415169,0.1727611554886288,False,0.6663815508555897,0.5669098785541035,0.5625278526069207,2.8394187673910682,0.9864181394995484,0.07692307692307693,False,,4,0.5308689130034736,0.03864007262289449,0.05214209157486878,0.12676416170924681,0.2696844749609889,0.28811180213984494,1.0,15
Control_2023_Feb,control,volume_burst,0.97,1min,60,10,loo_market_activity,lag1,20,4260,2575,130,0.9174391535232733,0.8813156999552938,0.036123453567979524,False,0.5098673669146861,0.5389372560220822,0.5346272888103368,2.979617213286576,0.976073680174418,0.07692307692307693,False,,8,0.5338449383809517,0.015787974028767224,0.02157966396227482,0.06242359127544189,0.2239321558346937,0.22998068050952006,1.0,20
Control_2023_Feb,control,volume_burst,0.97,1min,60,10,loo_market_activity,lag1,25,4260,3222,130,0.9762838833916193,0.9244254779412724,0.05185840545034692,False,0.4999429512640708,0.520645557879748,0.5161358312604963,3.1673499970225456,0.9696071169545923,0.07692307692307693,False,,8,0.5044421102782529,0.023501006948167494,0.03740134452257305,0.05937369062112935,0.09253687089862743,0.09504691924187247,1.0,25
Control_2023_Feb,control,volume_burst,0.97,1min,60,10,loo_market_activity,lag1,30,4260,3867,130,0.9962853106285983,0.9383028160001966,0.05798249462840166,False,0.4528504685299653,0.508233091498336,0.5037781840342016,3.2527903343042044,0.9700926128134815,0.07692307692307693,False,,12,0.5112335210140354,0.03334535137535205,0.036532741130897536,0.07424575802112343,0.11962969274441763,0.12864921549317568,1.0,30
Control_2023_Feb,control,volume_burst,0.985,1min,60,10,loo_market_activity,lag1,5,4260,322,65,0.8752174541598756,0.6924753752791537,0.18274207888072191,False,0.8770215065592792,0.6605253634744004,0.657272268998584,2.109399219491917,0.9576061163639473,0.07692307692307693,False,,0,0.9073497318236432,0.08367461666847271,0.12326229308233119,0.19781856482707133,0.3095045030999536,0.32716787972568434,1.0,5
Control_2023_Feb,control,volume_burst,0.985,1min,60,10,loo_market_activity,lag1,10,4260,639,65,0.8963162338725846,0.6857210672406828,0.2105951666319018,False,0.5935891322681714,0.6009636069188007,0.5967786111630254,2.600962766889603,0.9668293310565194,0.07692307692307693,False,,1,0.5833933506805644,0.04028514711442964,0.06767392936404401,0.20103273656131448,0.2825793819869965,0.2865885613576394,1.0,10
Control_2023_Feb,control,volume_burst,0.985,1min,60,10,loo_market_activity,lag1,15,4260,963,65,0.903489693929686,0.7510361294519146,0.15245356447777147,False,0.6127808457664052,0.5884812742122614,0.5843439428181648,2.998887952495018,0.9652581941175367,0.07692307692307693,False,,4,0.5698410432212054,0.02393445637054447,0.027755601680697833,0.12675240429099288,0.19905235329046936,0.20290536697440206,1.0,15
Control_2023_Feb,control,volume_burst,0.985,1min,60,10,loo_market_activity,lag1,20,4260,1287,65,0.9205299455454036,0.8574979052829238,0.06303204026247977,False,0.582741937980605,0.5618139493310228,0.5579139767560964,3.0475202258721477,0.951545221812433,0.07692307692307693,False,,6,0.5020424900979417,0.017522381951314676,0.021740202722222757,0.06668756402483139,0.20236553442798422,0.2472921996992493,1.0,20
Control_2023_Feb,control,volume_burst,0.985,1min,60,10,loo_market_activity,lag1,25,4260,1610,65,0.9736454267746701,0.9335889448987786,0.0400564818758915,False,0.5045036082853793,0.5496500761337034,0.545638314912916,3.1477605641462683,0.9377289237553289,0.07692307692307693,False,,10,0.5237473343685332,-0.002858009911445915,0.010639285116395693,0.046061479234322966,0.10631123382501997,0.11422565361630005,0.9583333333333334,25
Control_2023_Feb,control,volume_burst,0.985,1min,60,10,loo_market_activity,lag1,30,4260,1931,65,1.001829410195691,0.9495531976592465,0.052276212536444544,True,0.48213842788257727,0.5417363654523649,0.5377375233153279,2.962003697280693,0.9346601634796422,0.07692307692307693,False,,15,0.5083546072042617,0.010362602594646216,0.017605125124820785,0.06162227797518993,0.09515698779134929,0.103676590453963,1.0,30
